{
  "id": "d406-18",
  "text": "Durham, James D. Cinematography Mgr.; Jefferson Cty\nPub Schools, P.O. Box 1515, Louisville, KY 40201 (502)\n456-3275\nDurham, W. Harry Dir. Comm. Center; Clemson\nUniversity, 85 P&AS Bldg., Clemson, SC 29631 (803)\n656-3204\nDvorak, Tom 10003 Woodglen Dr, Austin, TX 78753\nE\nEakins, Edwin M. Dir of Programming; Ohio Educ\nBroadcasting, 2470 N. Star Rd, Columbus, OH 43221 (614)\n421-1714\nEarly, Jacqueline V. Learning Res Specialist; Florida Atlantic\nUniv, Boca Raton, FL 33432\nEastman, Harvey A. Research Asst.; Annenberg School of\nComm, University Park, Los Angeles, CA 90712\nEaton, James E.C. 53 Wildwood Rd, West Simsbury, CT\n06092\nEberhardt, Barbara Director of Theatre; College of White\nPlains, 78 N Broadway, White Plains, NY 10603 (914)\n949-9494\nEberman, Nina R. Asst Dir./Radio-TV; School Distof Phila.,\n626 Pine St., Philadelphia, PA 19106 (215) 627-3657\nEdgerton, Dr. Wilbert D. Chairman; Mass\nCommunications Dept, Norfolk State College, Norfolk,\nVA 23504 (804) 623-8454\nEdward, Katherine Ann 100 Bradford Heights Rd, Syracuse,\nNY 13224\nEdwards, Eugene O. 123 Hampshire St, Quincy, IL 62301\nEdwards, Leslie C. 14897 NE 8Ave #213, N. Miami, FL33161\nEdwards, Leslie M. 10 W135 St, #16M, New York, NY 10037\nEdwards, Richard L. Prod./Director; Auburn TV, Auburn\nUniv, ETV Dept., Auburn, AL 36830\nEftychiadis, E. Phil Film & TV Dept; Montana State Univ,\nBozeman, MT 59715\nEgart, Peter F. 106 S Gregory, Urbana, IL 61801\nEgli, Richard A. Telecommunications Dir; Lenawee\nIntermediate Sch, 4107 N. Adrian Highway, Adrian, Ml\n49221 (517) 265-2119\nEhrenberg, Halayne Desk Assistant; WINS Radio, 90 Park\nAve, New York, NY 10016 (212) 867-5100\nEinreinhofer, William M. Staff member; WNET-TV, 356 W\n58th St, New York, NY 10019 (212) 262-3420\nEisenberg, Carol Sue Media Prod. Specialist; Tarrant\nCounty Jr College, 828 Harwood Rd., Hurst, TX 76053\n(817) 281-7860\nEisman, Ed Director; NAVINSTECHDEVCEN, Code 7000,\nBldg 499, NTC, San Diego, CA 92133 (714) 225-3671\nEkvall, Marie A. Reg. Consumer Aff. Offer.; Food & Drug\nAdminis., 175 W Jackson Blvd-A-1945, Chicago, IL 60604\n(312) 353-9412\nElam, Julia C. Bowie State College; Bowie, MD 20715\nEldredge, W. Theodore Gen Mgr - KBIA; University of\nMissouri, 409 Jesse Hall, Columbia, MO 65201 (314)\n882-3431\nElkins, John E. Operations Spvsr.; WGTV, University of\nGeorgia, Athens, GA 30602 (404) 542-1226\nElkus, Leonore 129 N Craig St, Pittsburgh, PA 15213\nElliot, Dr. Charles A. Director; Brentwood Res & Develop,\n11652 Chenault St, Los Angeles, CA 90049 (213) 476-5145\nElliot, Stephen C. 5123 Temple Hills Rd, Temple Hills, MD\n20031\nElliott, Duwayne Director; Learning Res Center, Texarkana\nComm College, Texarkana, TX 75501\nElliott, John A. Chairman; Mass Communications Dept,\n4000 E 30th Ave, Eugene, OR 97401\nEllis, Robert H. 211 E Hermosa Dr, Tempe, AZ 85282\nEmanuel, Itzhak 125 Coronodo Ave, #319, Daly City, CA\n94015\nEnchelmayer, Paul L. Prod./Dir.; University of\nMiami-MCCD, P.O. Box 520006, Miami, FL 33152 (305)\n547-6892\nEngdahl, Frank F. Gen Mrg - KBEM-FM; Minnesota Pub\nSchools, 807 NE Broadway, Minneapolis, MN 55413\nEngeman, Thomas M. 712 Second Ave, Sibley, IA 51249\n(712) 754-2196\nEngle, Joseph M. 123 Hampshire St, Quincy, IL 62301\nEnglish, Phillip C. General Manager; NE Educ TV of Ohio,\n1640 Franklin Ave, Kent, OH 44240 (216) 678-1656\nEoff, Pamela 6837 Northridge, Dallas, TX 75214\nEppele, Kenneth General Manager; Concrac Division, 600\nN Rimsdale Ave, Covina, CA 91722\nEpperson, Therese A. 4142 Newton Ave, #106, Dallas, TX\n75219\nEpps, Laura 1122 Westmont Dr, Houston, TX 77015\nEpstein, Robert H. Research Asst.; Annenberg School of\nComm, Los Angeles, CA 90034 (213) 746-7406\nErdman, Ann Ed. Telecom. Analyst; DHEW/OTP, So. Portal\n409 East, Washington, DC 20201 (202) 245-1891\nErdman, Carolyn C. Teacher/Lely High School; Collier\nCounty Pub Sch, 168 Coral Vine Dr, Naples, FL 33940 (813)\n597-4901\nEric, Sr. Mary Dir of Educ Prog; Chicago CatholicTV Net, I N\nWacker Dr, Chicago, IL 60606 (312) 332-3860\nErickson, Elmer H. Music Director; KWSU-AM,\nWashington State Univ, Pullman, WA 99163 (509)\n335-2681\nErickson, Rae Ann Mgr, Video Services; Bell & Howell\nCompany, 500 N Michigan, Chicago, IL 60611 (312)\n822-0920\nErickson, Stephen B. 2630 E 6th St, Superior, Wl 54880\nEscobar, Richard L. 30 Ocean Pkwy, #1-J, Brooklyn, NY\n11218\nEspey, Harold E. R.R. 15, Box 191 A, WTerre Haute, IN 47885\nEsplin, Fred C. Dir. of Info.; Pennsylvania PTV Net., 169\nWest Chocolate Ave., Hershey, PA 17033 (717) 533-2157\nEssman, Phillip Radio/TV Consult.; LA County Supt. of\nSchls., 9300 E. Imperial Hwy., Downey, CA 90242 (213)\n922-6160\nEstell, Richard Gen. Mgr.; WKAR-AM-FM, Michigan St.\nUniv., Lansing, Ml 48824 (517) 353-3231\nEstes, Robert M. Studio Suprvr./Prod./Dir.; WUFT-TV, 234\nStadium Bldg., Gainesville, FL 32611 (904) 392-0461\nEubanks, Robert Dir. of Brdcstg.; KSHU-FM, Sam Houston\nState Univ., Huntsville, TX 77340\nEvans, Alan W. Asst to Dir Prog/Opers; Md. Ctr. for Pub.\nBrdcstg, 11767 Bonita Ave., Ownings Mills, MD 21117\n(301) 356-5600\n17"
}