{
  "id": "d406-36",
  "text": "Mollo, Andrew John Producer; Save the Children Fed, 48\nWilton Rd, Westport, CT 06880 (203) 226-7272\nMolton, Dian Supervisor of ITV; KCPT-TV, 2100 Stark\nStreet, Kansas City, MO 64126\nMoner, Lorenzo A. 27215 Colgate, Inkster, Ml 48141\nMonroe, Dr. Florence M. General Manager; WBHM, 1028\n7th Ave, South, Birmingham, AL 35294 (205) 934-2667\nMontgomery, John V.P., Programming; PBS, 475 L'Enfant\nPlaza W, SW, Washington, DC 20024 (202) 488-5000\nMontgomery, Nancy J. 2530 Rickert Rd, Perkasie, PA 18944\n(215) 249-3077\nMoore, Charles E. Asst. Professor; Arizona State\nUniversity, Dept of Mass Comm, Tempe, AZ 85281 (602)\n965-5940\nMoore, Christopher Prod/Director; KETC-TV, 6996\nMillbrook Blvd, St. Louis, MO 63130 (314) 725-2460\nMoore, John F. Production Spvsr; VPI & SU Learning Res,\n287 Whittemore Hall, Blacksburg, VA24061 (703)951-6319\nMoore, Millyn D, RFD, Arlington, VT 05250\nMoore, Thomas G. Dir, Electronics Media; VIP & SU, Coll\nof Home Ec, Rm 236, Blacksburg, VA 24061 (703) 951-6787\nMorales, Andrea 329 Maryland Ave, NE, Washington, DC\n20002\nMorales, Carlos Director of Planning; CPB, 1111 16th St,\nNW, Washington, DC 20036 (202) 293-6160\nMorgan, J. Glen 5200 Hampton Blvd., Norfolk, VA 23508\nMorgan, O. Pat Program Director; Louisiana ETV Network,\n626 North Fourth St, Baton Rouge, LA 70804 (504) 389-2131\nMorison, John R. Exec V.P. & Gen Mgr;\nWHRO-TV/WTGM-FM, 5200 Hampton Blvd, Norfolk, VA\n23508 (804) 489-9476\nMorley, John Graduate Asst; Univ of South Carolia, Media\nArts Dept, Box 3342, Columbia, SC 29230 (803) 777-6812\nMorris, Charles S. Dir, Div of Operations; South Carolina\nETV, 2712 Millwood Ave, Columbia, SC 29205 (803)\n758-7208\nMorris, F. Lee Exec Director; Mississippi ETV, P.O. Drawer\n1101, Jackson, MS 39205 (601) 982-6378\nMorrisette, Larry T. Asst Gen Mgr, Prog & Prod;\nKTCA-TV/KTCI-TV, 1640 Como Ave, St. Paul, MN 55108\nMorrison, Richard M. Dir, Contract/Grant Admin; PBS, 475\nL'Enfant Plaza W, SW, Washington, DC 20024 (202)\n488-5089\nMorrissey, Jerome J. School Svcs Coordinator; WCET-TV,\n1223 Central Parkway, Cincinnati, OH 45124 (513)\n381-4033\nMorse, Burnham CPB; 111116th Street, NW, Washington,\nDC 20036 (202) 293-6160\nMoss, Jeffrey L. 2 Radcliffe Rd, Yardley, PA 19067\nMossman, Tom Dir of Prod/Operations; KLCS-TV, 1061 W\nTemple St, Los Angeles, CA 90012 (213) 625-6958\nMotley, Columbus E. P.O. Box 65, Powellsville, NC 27967\nMott, Robert A. Vice President; PSSC, 4040 Sorrento Val\nBlvd, San Diego, CA 92121 (714) 452-1140\nMoulton, P. Brookline High School; Library Tech Center,\n115 Greenough St, Brookline, MA 02146\nMrachek, Lin 223 Delta St, Apt. 102, East Lansing, Ml 48823\nMuchnik, Dr. Melvyn M. Coordr & Univ Professor;\nGovernors State Univ, Office of Communications, Park\nForest S, IL 60466 (312) 534-5000\nMuenchow, James H. 2114 N Summit Ave, Apt 15,\nMilwaukee, Wl 53202\nMuhlbach, Robert L. Prog/Production Manager;\nITV-Michigan State Univ, 116 Linton Hall, East Lansing,\nMl 48824 (517) 353-8800\nMulcahy, Jeanne T. 240 West End Ave, New York, NY 10023\nMulholland, Therese M. 3476 Hillcroft Rd, Huntingdon Val,\nPA 19006\nMuller, Richard L. Hampshire College, Amherst, MA01002\nMunkhof, Soren H. President; Minn-Dak, Inc, 117 Park\nAve, Marshall, MN 56258 (507) 532-3692\nMurcko, Robert J. 1811 Snow Meadow Lane, T-1, Baltimore,\nMD 21209\nMurison, Richard B. Prod & Eng Manager; Mercer County\nCommColl,P.O.BoxB,Trenton,NJ 08690 (609) 586-4800\nMurphy, Joseph R. Asst Professor; Educational Media\nDept, Appalachian State Univ, Boone, NC 28608 (704)\n262-2243\nMurphy, Robert B. 3964 Flad Ave, St. Louis, MO 63110\nMurphy, Ronald P. Prod/Director & Instr; SUNY College at\nFredonia, Fredonia, NY 14063 (716) 673-3405\nMurray, Gerald E. Admin. Bus. Manager; Educ Media\nServices, W Washington State Coll, Bellingham, WA\n98225\nMurray, Kenneth T. 21 Seward St, Apt A-7, Saratoga Sprg,\nNY 12866\nMusello, Chris 15 Harvard Rd, Stow, MA 01775\nMutnick, Jeffrey Assoc Instructor; Indiana University,\nCampus View401, Bloomington, IN 47401 (812)339-5222\nMuttart, Robert F. Mgr of Utilization Svcs; WNET-TV, 356\nWest 58th Street, New York, NY 10019 (212) 262-5582\nMutter, Brenda 791 Vandam St, N Woodmere, NY 11581\n(516) 791-3787\nMuza, Mary J. 1617 Grove St, Oshkosh, Wl 54901\nMyers, Dr. Lawrence Chmn, TV-R-Film Dept; Newhouse\nSch of Pub Comm, Syracuse University, Syracuse, NY\n13210\nMyers, Robert C. Development Director; KPBS-TV/FM, San\nDiego State Univ, San Diego, CA 92115\nN\nNaderi-Dehcordi, Bahram Indiana State Univ; Jones Hall,\nBox 1021, Terre Haute, IN 47809\nNapier, Gene V.P. Operations; WJCT-TV, 2037 Main Street,\nJacksonville, FL 32206 (904) 354-2806\nNash, Dr. Deanna C. Associate Director; PBS, 475 L'Enfant\nPlaza W, SW, Washington, DC 20024 (202) 488-5296\nNathanson, Norbert H. 1781 Randolph Rd, Schenectady,\nNY 12308 (518) 393-8804\nNazar, Debra A. National Press Bldg; Suite 1098,\nWashington, DC 20045\nNeal, Earl (Chip) M. Production Manager; WVPT-TV, Port\nRepublic Road, Harrisonburg, VA 22801 (703) 434-5391\nNearing, Dr. Charles L. Dir, Instructional Media; Univ of\nCalifornia, Davis, CA 95616 (916) 752-3556\n35"
}