{
  "id": "d406-45",
  "text": "Schweikart, Dr. Robert B. Director; Ctr for Cont Med Educ,\n320 W Tenth Ave, Columbus, OH 43210 (614) 422-4985\nSchweitzer, Florence Dir of Media Services; Sch of Social\nSrvc Admin, 969 E 60th Street, Chicago, IL 60637 (312)\n753-4610\nScott, Kenneth E. Dir of ITV; Worcester Polytech Inst,\nWorcester, MA 01609\nScott, Kent M. A-V & Producer; Montgomery Wards, 207\nDiane Lane, Bolingbrook, IL 60439 (312) 739-3028\nScott, William E. Program Director; WETV-TV, 740 Bismark\nRoad, NE, Atlanta, GA 30324\nScrivener, Kathryn Thornton 720 W 12th Street, Apt 4,\nTopeka, KS 66612\nSechrest, Thomas L. ITV Specialist; Dept of Labor, 1371\nPeachtree St, NE, Atlanta, GA 30309 (404) 881-4711\nSedtal, Gordon P.O. Box 74, Carrollton, Ml 48724\nSeed, Mack 1002 N 1st Street, Vincennes, IN 47591\nSeegmiller, Carlos Motion Picture Services; Colorado State\nUniv, Fort Collins, CO 80521\nSegal, Eli Manager; Aural Press Brdcstg Dept, Western\nMichigan Univ, Kalamazoo, Ml 49001\nSeher, Ron KCPT-TV; 2100 Stark, Kansas City, MO 64124\nSeibel, William H. Director; Office of TV Services, Temple\nUniversity, Philadelphia, PA 19122\nSeibert, Warren F. Director; O.l.S. (MRC, ENAD 402),\nPurdue University, W Lafayette, IN 47907 (317) 749-2207\nSeifert, John 5360 Otis Street, Arvada, CO 80002\nSeiter, Herbert D. General Manager; California Video\nProd, 641 Golden Gate Ave, San Francisco, CA94102 (415)\n863-2609\nSelby, Bob Production Mgr; KLRN-TV, Box7158, Austin, TX\n78712 (512) 471-4811\nSelinger, Kenneth R. DirectorTV Services; Colonial School\nDistrict, Germantown Pike, Plymouth Mtg., PA 19462\n(215) 825-1500\nSeitz, Natalie TV Director; Md. Ctr. for Pub. Brdcstg, Bonita\nAve, Owings Mills, MD 21117 (301) 356-5600\nSemanik, Anthony J. Dir, Learning Res Ctr; Mercy College\nof Detroit, 8200 W Outer Drive, Detroit, Ml 48219 (313)\n531-7820\nSeminara, Eleanor Director, LLC; Niagara County Comm\nColl, 5105 Dana Drive, Lewiston, NY 14092 (716) 297-3019\nSenier, Richard M. President; NRTV, 88 Tremont Street,\nBoston, MA 02108\nSenke, Henry C. Indep Producer; 1542 Simpson Street,\nMadison, Wl 53713 (608) 221-0543\nSerumgard, Kayte Dir, Learning Resources; Northwood\nInstitute, 3225 Cook Road, Midland, Ml 48640 (517)\n631-1600\nSestili, Robert J. Prog Development Mgr; WWVU-TV, P.O.\nBox TV-24, Morgantown, WV 26505 (304) 293-6511\nSetzer, Allen WGWG; P.O. Box 13, Boiling Springs, NC\n28017\nSeydel, Ruth L. Coordr, Educational Media; State Dept of\nEducation, Len B Jordan Office Bldg, Boise, ID 83720\nShaffer, Lloyd B. KWHS; 1100 Carrie Street, Brodrick, CA\n95606\nShambaugh, Jane 2022 Atwood, Toledo, OH 43615\nShapiro, Ethan D. 15 Hemlock Place, Randolph, NJ 07801\nSharon, Sr. M. Comm Arts Prog Director; College of Notre\nDame, 4701 N Charles Street, Baltimore, MD 21210 (301)\n435-0100\nSheffer, G. Thomas 69 Union Street, Norwich, CT 06360\n(203) 889-1457\nSheil, Sr. Joan Director, Library Srvcs; Marycrest College,\n1607 W 12th Street, Davenport, IA 52804 (319) 326-9254\nShell, Linda Ritchey ITV Prog Acquisitions; Kentucky ETV,\n600 Cooper Drive, Lexington, KY 40502 (606) 233-0666\nShelton, John R. Naval Reserve Liaison; 160 Seale Ave, Palo\nAlto, CA 94301\nShepherd, Robert L. Exec V.P. & Gen Mgr; WDCN-TV, P.O.\nBox 12555, Nashville, TN 37212 (615) 259-9325\nSheridan, Michael M. Exec Producer; Rockford Project, 204\nS First St, Rockford, IL 61104 (815) 987-5689\nSherk, Dr. H. Dennis Dir, Univ TV Services; University of\nToledo, 2801 W Bancroft St, Toledo, OH 43606 (419)\n537-3386\nSherlock, Francis C. Production Supervisor; KUAT-TV,\nUniv of Arizona, Tucson, AZ 85221\nSherlock, Susan M. Student; Loyola Univ of N.O., 809\nCeleste Ave, New Orleans, LA 70123 (504) 737-9288\nSherman, Judith R. 4555 Henry Hudson Pkwy, Apt. 403,\nRiverdale, NY 10471\nShifrin, Allen Director of Radio-TV; Amarillo College, Box\n447, Amarillo, TX 79178 (806) 376-5111\nShigekawa, Joan Exec Producer; WNET-TV, 356 West 58th\nSt, New York, NY 10019 (212) 262-5540\nShimer, William M. Asst Professor; Center for R-TV, Ball\nState Univ, Muncie, IN 47306 (317) 285-4485\nShimkoski, Dennis H. 36 Fruit Street, Northhampton, MA\n01060\nShipley, Charles W. Professor; Dept of R-TV, So. Illinois\nUniversity, Carbondale, IL 62901 (618) 453-4343\nShirley, Raymond A. Dir, Dept of Radio Srvcs; University of\nTennessee, 232 Comm & Ext Building, Knoxville, TN\n37916 (615) 974-5375\nShisler, John L. Director; Grad & Continuing Educ, Ithaca\nCollege, Ithaca, NY 14850 (607) 274-3143\nShively, David W. Sprvsr., TV Prod.; Case Western\nReserve, 10950 Euclid Ave., Cleveland, OH 44106 (216)\n368-2026\nShoehalter, Nathan Extension Specialist; University\nExtension Div., Rutgers University, New Brunswick, NJ\n08903 (201) 932-4191\nShoemaker, Dr. Donald H. Professor; University of\nVirginia, Ruffner Hall 405 Emmet St, Charlottesville, VA\n22903 (804) 924-3739\nShonka, Regina Student; Univ. of Nebraska, 1615 S. 20th St.\n#D, Lincoln, NB 68502 (402) 432-1104\nShriver, Elizabeth Assoc. Gen. Council; PBS, 475 L'Enfant\nPlaza W., SW, Washington, DC 20024 (202) 488-5053\nShuler, Charles W. Graphic Artist; WCMU-WCML-TV,\nCentral Michigan Univ., Mt. Pleasant, Ml 48859 (517)\n774-3105\nShultz, Steven Video Coordr.; Woodward & Lothrop, 10th\n& F St., NW, Washington, DC 20013 (202) 347-5300\nShumer, Michael E. Laboratory Tech.; Pasadena City\nCollege, 1570 E. Colorado Blvd., Pasadena, CA 91106\n(213) 578-7230\nSibila, K. F. University of Akron, Akron, OH 44304\nSiegel, Charles E. Coordr.; WBOE, 5712 E. 141st St., Maple\nHeights, OH 44137 (216) 421-7373\nSiegel, Sheldon P. Evec. V. Pres./Gen. Mgr.; WLVT-TV,\nMountain Drive West, Bethlehem, PA 18015 (215)\n867-4677\nSiff, Nancy K. 39 Fifth Ave., New York, NY 10003\n44"
}